first_name,last_name,job_title,department,email,address,phone_number,salary,password
Kelly,Black,"Biochemist, clinical","Surveyor, building control",ljones@example.com,South Erikaborough,001-315-958-0326,4270,0K9s7jQK
Margaret,Payne,"Teacher, special educational needs",Paramedic,ymiller@example.com,Riosshire,(862)894-1796x137,73242,j4U4XICh
Mike,Russo,Materials engineer,Bookseller,chad14@example.org,Peterport,(798)834-3197x19116,23401,zBSgz7Vf
Walter,Lee,Press sub,Dentist,lisawilliams@example.org,Brandonport,696-835-0614x219,43481,dYmSKsn2
Lori,Grimes,Ranger/warden,Charity fundraiser,johnharrell@example.org,Port Sylvia,631-662-8678x96718,97542,Rg3iY3xv
Amanda,Morgan,Metallurgist,Site engineer,qrodriguez@example.com,South Ralph,001-796-711-2080x749,85632,UUanEmLo
John,Hill,Financial adviser,Administrator,faith13@example.com,Kimborough,(944)802-1923x90100,35952,JVnTsGiz
Elizabeth,Porter,Research scientist (life sciences),"Pilot, airline",ahill@example.net,Port Caitlinmouth,(755)203-2987x1409,26584,dv4QwVyW
Jacqueline,Brown,"Surveyor, land/geomatics",Health physicist,christine31@example.com,New Paigestad,(584)671-0820,67940,pt4jWlsH
David,Gonzalez,Community development worker,Leisure centre manager,shawnmccoy@example.com,New Danaborough,(294)705-1669x590,85479,RxFiaoFr
Carolyn,Farmer,"Embryologist, clinical",Environmental health practitioner,paulwatson@example.org,Lake Susanborough,443.542.5060,30456,LfWLR8yk
Diane,Perez,Architectural technologist,Special effects artist,sherry79@example.org,New Nicolebury,(908)859-7810x1537,13153,amGp5ZTB
Heather,Anderson,Immunologist,Advice worker,smorales@example.net,South Erichaven,227.572.6896,39373,E6vNkyej
Melanie,Duncan,"Scientist, water quality","Designer, textile",tinamartin@example.com,Lake Anthony,537-719-0325x4083,29806,ov2ITHCp
Jennifer,Murphy,Corporate treasurer,Insurance broker,aaronvega@example.com,Susantown,302-856-0664,85241,woa8WiT2
Christopher,Jenkins,Technical sales engineer,Fashion designer,ashleydunlap@example.com,Cherylmouth,988-765-6006x85022,1819,H7zkqhjl
Kelly,Edwards,Applications developer,Theatre manager,rebecca96@example.net,Steeleburgh,+1-228-444-9792x94075,43357,clkz0QTa
Jennifer,Lawson,"Producer, radio",Conference centre manager,vevans@example.org,Mirandafurt,789-961-9976,71644,Clf2l4nY
Richard,Gross,"Designer, textile",Bookseller,beltrandavid@example.com,Lindseyview,527-236-6236x9556,70096,2qMjG38Y
Heather,Martinez,Metallurgist,"Chemist, analytical",cathy78@example.org,South Meagan,+1-622-539-1527x20569,70960,asJOClF6
Timothy,Cherry,Town planner,Environmental consultant,sara51@example.com,North Kevin,(463)978-8456,41159,11wViSEu
Melanie,Hill,Cabin crew,Secondary school teacher,john78@example.net,Staffordside,001-938-792-7785,91845,gNQDVEnr
Joshua,Barrett,Music tutor,Facilities manager,browngregory@example.com,South Timothy,001-870-718-7148x69313,93625,l4ooeOZh
Henry,Wyatt,Fitness centre manager,Clinical molecular geneticist,martha14@example.net,Mitchellhaven,(501)597-1764x299,90435,oxsOQIjm
Thomas,Morse,Fisheries officer,Television floor manager,ylewis@example.org,Erikmouth,+1-519-593-2435x5361,97304,Zi5Bqxkw
David,Freeman,"Research officer, government","Administrator, sports",christopher98@example.net,Rachelmouth,792.808.9157x384,19,SCr5d3tS
Richard,Garcia,Leisure centre manager,Seismic interpreter,hallanthony@example.net,North Kimberly,+1-439-996-8315x859,97765,eNNWchZv
Kendra,Nelson,Museum/gallery conservator,Geochemist,stanleysteven@example.org,North Elizabeth,001-484-506-9909x821,15135,70moLapo
Dylan,Peters,Furniture conservator/restorer,Museum education officer,poolemelissa@example.com,Port Brycehaven,(502)677-1709x84699,4260,c0YTCcoG
David,Coleman,Museum education officer,"Surveyor, planning and development",christopher18@example.com,Jamieport,+1-917-440-2208x766,36834,100vwpgm
Jonathan,Dawson,Biomedical engineer,"Development worker, community",gregmendoza@example.net,South Leslieton,550-905-9176x788,74540,sPOjK0mC
Matthew,Holden,Biomedical scientist,Medical technical officer,jennifer81@example.com,Port Daniel,313.225.2389x340,781,49sNS92P
Christy,Johnson,Technical author,Immunologist,francis21@example.org,Brownshire,8569113099,56270,MRwGw5Mh
Robert,Snyder,"Conservator, furniture",Location manager,kirbyphilip@example.net,Lake Dorothy,+1-646-309-9055x294,30967,0ltkencY
Timothy,Cochran,"Designer, multimedia",Industrial buyer,kmays@example.net,West Whitneyfurt,001-971-917-9462x9696,57126,xjIoRDSD
Brian,Montes,Land/geomatics surveyor,Hydrogeologist,gillespiejennifer@example.com,Juarezport,001-658-756-7190x0168,30418,rxVGLEid
Jacob,Neal,Product manager,Land,timothyrogers@example.net,East Donnafurt,(458)641-7213x87466,18,lCXcigQz
Yvette,Whitehead,Communications engineer,Statistician,elizabeth30@example.com,Sarafort,556.642.6586x1517,7726,1Yx38Vl4
David,Brock,Analytical chemist,"Programme researcher, broadcasting/film/video",samantha07@example.net,East Patricialand,980.432.1770,35483,87gOAez1
Megan,Hunt,Accommodation manager,"Surveyor, rural practice",kevin61@example.com,Rachelton,(241)463-6286,58999,x1oyMBKo
Anna,Bennett,Leisure centre manager,Interior and spatial designer,rhonda08@example.net,East Jessicastad,341-686-7091,24466,K5tqtuJy
Melissa,Chung,Museum/gallery curator,Pensions consultant,hjames@example.net,Port Darin,208.795.4749,71697,8mm5zn3i
Corey,Cannon,Biomedical scientist,Pharmacologist,olivervictoria@example.net,Debrachester,335.387.5362,90582,f5l4wuTZ
Bryan,White,Civil Service administrator,Personnel officer,kennethmanning@example.net,Joshuamouth,001-837-226-8590x24758,12296,jeSghiHt
Luke,Cabrera,General practice doctor,Agricultural consultant,taylordawn@example.net,Palmermouth,966-716-1836x181,84740,b1q00wvB
Lee,Osborne,Chartered legal executive (England and Wales),"Conservation officer, nature",jacksongail@example.org,North Joelbury,001-681-585-6389x089,59330,umcYdqCx
Deborah,Hughes,"Accountant, chartered","Editor, film/video",michaelwang@example.net,North Nicoleton,8729715577,38900,Bnd5seDB
Shane,Moody,Psychiatrist,Psychiatric nurse,ilopez@example.com,Navarrohaven,781-640-5783x8544,31781,11AqXzee
Travis,Clark,"Clinical scientist, histocompatibility and immunogenetics",Mining engineer,mitchelljulie@example.com,East Jamestown,387.210.5536,14088,Zi5hwer0
Jeffrey,Taylor,Hydrologist,Radio broadcast assistant,carl67@example.org,Barnesville,(347)257-6722,2232,bi2g3a5e
Rick,Gonzalez,Quarry manager,"Psychologist, prison and probation services",robert74@example.net,Port Tracy,001-732-424-1594,77690,khYzscce
Jordan,Wade,Insurance risk surveyor,Product designer,xavila@example.net,Port Arthurchester,(597)582-0257x62582,86697,pR9Rfnn4
Chelsea,Kelley,Medical technical officer,Illustrator,hnorris@example.org,West Michaelchester,+1-876-964-2599x6266,85252,1HpwyA30
Thomas,Flynn,"Runner, broadcasting/film/video",Manufacturing systems engineer,david73@example.net,Port Amandashire,001-250-877-0693x32216,8813,y8mnEdNG
Ronald,Baker,Audiological scientist,"Teacher, secondary school",whitewendy@example.org,New Duane,436.671.8613x68630,86993,QgkPnxCJ
Jim,Mendez,Health physicist,Personal assistant,rodriguezpeggy@example.net,West Aliciaton,381-453-1157,81748,pYmU6sVZ
Tonya,Vaughn,Child psychotherapist,Industrial buyer,aharvey@example.net,Johntown,771-780-4470x1511,7746,inDlMtJU
Brian,Mueller,"Designer, textile",Community pharmacist,robert98@example.org,West Miranda,480.798.5036,98531,9zdYc8wt
Emily,Mccarty,Aid worker,Accommodation manager,reidvictoria@example.org,Port Brian,001-361-915-8481x80511,30140,4xwhOc1o
Bob,Mann,"Engineer, technical sales",Applications developer,arogers@example.org,South Virginia,956-237-6305x92340,56508,dNm2xzqm
Gavin,Klein,"Surveyor, planning and development",Maintenance engineer,daystacy@example.com,Morrisfurt,001-827-365-8908x23867,76773,kFHMGgWS
Dylan,Rodriguez,"Engineer, water",Trading standards officer,jeremy77@example.com,Cruzside,001-835-242-0515,11235,FhVGFypN
Marcus,Perkins,Ergonomist,Medical laboratory scientific officer,ograham@example.com,East Sherrybury,001-932-723-7838x0819,34305,LLWWpJA6
Jerome,Webb,Dancer,"Therapist, speech and language",snewton@example.org,Millerbury,344.223.1855,54686,sGKtzoCm
Sarah,Mckee,Tax inspector,Furniture conservator/restorer,alexanderrichards@example.org,Dianafort,578-960-8525x7362,74880,NePsxqRW
Kevin,Rodriguez,"Psychologist, forensic",Public relations officer,evanschristopher@example.com,Lake Brandonbury,684-450-2599x123,90507,NSU7qQnW
Kevin,Mendez,Theatre stage manager,Statistician,mary95@example.org,Lake Daniel,+1-393-629-5202x88915,13982,tAMgSBJo
Matthew,Andrews,"Lighting technician, broadcasting/film/video","Geologist, wellsite",erin99@example.org,East Kayla,(764)814-9013x00295,89090,0QSYPWDe
Renee,Jensen,Interpreter,"Designer, industrial/product",cnash@example.org,Williamsstad,(325)223-0763x892,55977,Ftzwllxh
Sheri,White,"Production assistant, television","Therapist, occupational",scottpaula@example.com,South Christopherstad,606.997.5754x7750,53809,0o10e0nD
William,Kim,Research scientist (maths),Music therapist,julie97@example.com,South Jamesburgh,(870)254-8695x30634,83790,bmLHmKRB
Audrey,Michael,Systems analyst,"Engineer, broadcasting (operations)",melissaherman@example.com,Jonathanside,2152457244,19945,TFai8nJh
Patricia,Cameron,Company secretary,Clinical psychologist,russellmacias@example.net,East Zacharyfurt,769-867-4209x47015,64539,neBDetV1
Darrell,Green,Lexicographer,Environmental manager,john40@example.com,Parkerside,247.318.7281,2412,Z4oL4VkR
Jose,Raymond,Health and safety inspector,"Accountant, chartered",heatheryoung@example.org,Lake Angela,(309)657-5354,37514,W2m5d5zI
Kathleen,Pacheco,Financial controller,"Therapist, horticultural",frichardson@example.com,Lake Jasonton,(406)537-4219x36911,82589,4L7XrOsY
Megan,Spencer,Chief Strategy Officer,Restaurant manager,zwilliams@example.com,Lucasfurt,263-471-7209,46526,bfmuLqqb
Jamie,Cross,Software engineer,Industrial/product designer,vgriffin@example.com,Lake Luis,445.819.2831x36202,92633,OOr2k5Z3
Christine,Parrish,Oncologist,Paediatric nurse,kellyscott@example.com,Port Ericchester,477.526.8810,25700,tMoVg9y6
Elizabeth,Tucker,Cartographer,"Pharmacist, community",ameyer@example.net,Smithport,415-250-4511x0939,63760,Bk9R08Cu
Robert,Caldwell,Television production assistant,Writer,nwhite@example.org,Port Kevin,6333476461,35007,mKdv7Ujl
Lacey,Campbell,Orthoptist,"Scientist, research (life sciences)",taradickerson@example.net,West Vanessa,237-280-6187x01724,60227,Tiyyhmgd
Russell,Williams,Education administrator,Research scientist (life sciences),simpsonpatricia@example.net,Markside,(694)869-9673x9055,31490,rzCNPeIu
James,Hancock,Town planner,Operational researcher,jordanmichael@example.com,Harringtonchester,001-351-724-8571x319,80590,TJ6uDyUf
Anthony,Perkins,"Journalist, magazine","Surveyor, commercial/residential",pmiller@example.net,Josephshire,368.819.4272,2622,P2OBMaux
Danny,Simmons,Nutritional therapist,"Investment banker, corporate",kurt73@example.com,New Brianside,771-272-0588,97558,axmy6f1m
Bobby,Hammond,Amenity horticulturist,Architectural technologist,david41@example.net,Hamptontown,(749)806-2275x54547,66979,66wiJLLc
Richard,Wilson,"Administrator, arts",Environmental health practitioner,jonathanpowell@example.net,Marksfort,001-850-413-0238x94254,14018,iVWS4ya8
Keith,Martin,"Geneticist, molecular","Education officer, environmental",ellenruiz@example.org,North Cindyburgh,302-692-0455,1193,TCemCayx
Tammy,Christian,Financial risk analyst,"Geneticist, molecular",samantha04@example.org,Lake Markburgh,+1-222-776-2482x94898,87310,7pHTX3Nn
Yolanda,Wood,"Therapist, sports","Social research officer, government",johnbeasley@example.org,Port Miguel,400.676.8513,31287,XXKQV0wb
Mary,Arnold,Chartered public finance accountant,"Engineer, energy",ihoffman@example.org,Floydmouth,001-236-832-8625x101,76397,ZcKr4Yjh
Brian,Mcdaniel,Orthoptist,Engineering geologist,turnerkevin@example.org,South Lauren,3542123407,654,K3Tyrmfz
Kristin,Spencer,Curator,"Scientist, research (medical)",annettelewis@example.com,Kristinton,+1-794-511-9053,21126,sYGupOne
Joseph,King,Hotel manager,Clinical biochemist,sbell@example.net,South Rachelburgh,+1-206-677-7185x848,3156,yhKJxy8e
Darren,Orr,Bookseller,"Geneticist, molecular",tiffany81@example.net,Nancymouth,(669)994-9723,85283,CUQDikwC
Jason,Love,Teaching laboratory technician,Mechanical engineer,fweeks@example.com,Gutierrezmouth,895.399.2831,43660,Zh6OO5f8
Chris,Williams,Surgeon,"Engineer, water",nielsendavid@example.org,West Lucasshire,+1-442-221-5308,22092,Kycj3vzH
Robert,Gardner,"Physicist, medical",Landscape architect,nibarra@example.org,Port Nancyborough,(309)606-2977,43156,EZEjNTUA
Michael,Bradley,Warden/ranger,Horticultural consultant,hgonzalez@example.com,West Mark,(915)223-7208x82276,62048,zn5YIlRy
Andrew,Clark,Musician,Multimedia specialist,dominiccooley@example.net,Amberside,+1-566-863-1325x7211,90835,mTmLpqte
Andrew,Love,"Therapist, music",Police officer,jennifermartin@example.com,Lopezland,001-560-504-8184x0536,73626,BjqX3mVO
Jennifer,Oconnor,Materials engineer,Glass blower/designer,brownbrian@example.org,Amandaville,782.509.4562x67145,48979,H8ygg9D8
Dustin,Page,Probation officer,"Librarian, public",joshuaorr@example.net,Gloverhaven,431.222.7170x1134,28187,gFlqUZyg
Spencer,Jackson,Manufacturing systems engineer,Make,nichole05@example.org,Sydneyville,320-554-8377x124,10583,h2QkmkUt
Tiffany,Oconnor,Insurance underwriter,Careers adviser,rodriguezcatherine@example.com,New Jamesfurt,+1-382-563-6872x3394,39769,MUyws8yl
Damon,Watson,Clinical biochemist,Haematologist,kcarrillo@example.com,Lake Nicholaschester,291-480-3835x25109,91026,TSiXpmaS
Stephanie,Gomez,Senior tax professional/tax inspector,Games developer,brittany90@example.org,Michellehaven,843-866-7935x8972,6628,MJMG7KQj
Melissa,Bennett,"Surveyor, land/geomatics",Primary school teacher,dweaver@example.net,Davidmouth,428-640-3414x62546,26023,TapDMm40
William,Carey,Operational investment banker,Occupational therapist,mason27@example.net,North Rachel,270-815-8502,50657,8PYxLOAp
Matthew,Garza,"Librarian, academic","Designer, ceramics/pottery",sandovalwilliam@example.net,East Gilbertland,224-231-6214,11872,oKMGCour
Sharon,Martin,Special educational needs teacher,Financial risk analyst,lindaberger@example.net,Cainborough,+1-280-577-4535,69527,w6nEzpDq
Dawn,Ellis,Biomedical engineer,Nutritional therapist,chadrobertson@example.net,Sanchezfort,998.705.5756,58503,1D3Y37Lv
Gail,Foley,"Editor, commissioning","Horticulturist, amenity",richardespinoza@example.org,Lake Dillonberg,791-445-9455x250,11073,l23eTf4q
Amy,White,Further education lecturer,Amenity horticulturist,adam69@example.com,Lake Jasonfort,(572)390-7822x0304,76195,KyIY5Lei
Charles,Stewart,"Scientist, physiological",Secretary/administrator,vharper@example.org,Port Jeffreymouth,(338)232-6354x447,77428,mmbT3M9j
Yvonne,Martinez,"Doctor, hospital","Therapist, music",phillipvillanueva@example.org,Erikaberg,(493)766-3127x791,37621,mse0fORN
Jean,Smith,"Librarian, public","Designer, interior/spatial",lisa54@example.org,East Lynn,553.933.1397x9941,15490,F09jzwrf
Dana,Brown,Exercise physiologist,Charity fundraiser,derekanderson@example.net,Mcculloughstad,730-219-3475,72798,3jW9MN9E
Lisa,Smith,Tourist information centre manager,Computer games developer,agillespie@example.org,West Barbara,8602515049,9340,URcEfh8f
Cheyenne,Shields,Orthoptist,Trade union research officer,davisdaryl@example.org,East Daniel,4404666733,15434,BBSp4yZS
Leslie,Hamilton,"Engineer, land",Clinical psychologist,jenningskaren@example.com,Lake Samuel,001-846-945-9581x1004,23836,jf5rUy9H
Maria,Adams,Mental health nurse,Speech and language therapist,eric37@example.com,Jamesmouth,(821)411-7417x7867,48009,tEpAldkU
Mark,Baird,Claims inspector/assessor,Network engineer,gutierrezkayla@example.net,Port David,204.565.0177x0576,57631,phIBdttk
Anthony,Reed,Ceramics designer,Public affairs consultant,karen65@example.org,Kevinport,329-331-7049,39103,NxcN2KdX
Katie,Perez,Sports development officer,"Designer, graphic",vcarpenter@example.net,Lake Seantown,(677)946-3308x542,4325,NGbYilem
Robert,Parks,Water engineer,"Surveyor, commercial/residential",iperez@example.net,Boothton,850.767.2779x841,93327,Q8YbxYQn
Kimberly,Miller,"Administrator, charities/voluntary organisations",Cabin crew,georgehorn@example.com,Amberborough,417.992.9504,56809,eXSPuKmx
Rachel,Cantu,Probation officer,Land,tmeyer@example.org,Foxchester,(215)848-5602,26117,0VWfRr0g
Luis,Perez,Accommodation manager,"Scientist, marine",yholland@example.com,West Juanburgh,001-592-347-3647x54727,37388,C8D3C6yU
Jessica,Wallace,Newspaper journalist,Legal executive,georgelee@example.com,South Christophertown,(851)865-2836,40954,XYB7OYmt
Rhonda,Johnson,Educational psychologist,Recycling officer,thomas55@example.com,Port Emily,(575)770-2319x6984,23978,8DSXdSFc
Christopher,Cruz,Research scientist (maths),Adult guidance worker,ppearson@example.net,East Catherinemouth,820.827.4851,80559,gYSRT2PT
Anthony,Ruiz,Museum/gallery conservator,Licensed conveyancer,benjamin42@example.net,Alexanderchester,274-709-7768x3272,4171,EZi3dSwE
Cindy,Herrera,"Scientist, clinical (histocompatibility and immunogenetics)","Psychologist, counselling",zmendez@example.net,West Robertland,001-227-365-4542,98409,uBP561vr
Jennifer,Arnold,Counsellor,Geophysicist/field seismologist,seanhudson@example.net,Lake Ryan,(933)550-3458x8375,85364,NeJbXxOV
Ronald,Taylor,Ergonomist,Musician,holly58@example.com,Garyview,318.679.8229,90481,bjbVggDO
Catherine,Cabrera,Stage manager,"Accountant, chartered public finance",rosegina@example.com,Johnsonview,001-863-617-9676x79678,49056,3oEUUmfM
Amber,Parks,Probation officer,Economist,nyu@example.org,East John,210.411.4286,12376,UWlw6jzU
Matthew,Steele,Gaffer,Plant breeder/geneticist,melaniequinn@example.net,Dunlapville,+1-676-444-9588x4167,94223,AFF2Rqn4
Carlos,Williams,Youth worker,Retail buyer,john77@example.com,South Susanhaven,570-831-0872x2140,8330,Dvx4IBzF
Marisa,Ross,"Engineer, manufacturing systems",Merchant navy officer,caitlin24@example.org,North Derek,001-987-259-4971,7254,H7nHr1ls
Rhonda,Ortega,Health visitor,Fine artist,fcohen@example.net,North Dana,(568)426-7291,38908,e7bYpKKo
Ashley,Hernandez,Clinical embryologist,Pharmacologist,ewhite@example.org,Padillabury,001-443-363-3003x478,45934,fuNidvfZ
Felicia,Smith,Financial risk analyst,Prison officer,tkim@example.com,Garyborough,(537)764-5875,99624,JyZpwwY7
Adriana,Boone,Furniture conservator/restorer,Advertising account executive,kimberly29@example.org,North Christopher,001-811-889-7505,25074,heRQxb6l
Darius,Jenkins,"Clinical scientist, histocompatibility and immunogenetics",Counselling psychologist,hroth@example.com,Lake Triciaport,001-335-442-6623x94361,44111,3hgFTuuw
Olivia,White,Product manager,"Copywriter, advertising",cobbdaniel@example.org,East Josephmouth,001-384-627-4804x0579,50016,4Uhx3dLg
Ashley,Estrada,"Biochemist, clinical",Civil Service fast streamer,lisanorman@example.org,Obrienland,+1-817-709-6069x972,41869,oEav1rZu
Malik,Watson,Automotive engineer,Barrister's clerk,amandarussell@example.net,Leeside,3139787053,47042,3sUyiNIK
Emily,Schneider,Learning mentor,"Librarian, academic",jenniferwhite@example.org,East Danielside,7577039233,3996,gJbRnGSE
Yesenia,Brown,Seismic interpreter,Building services engineer,ehughes@example.org,West Joshua,389-536-8323,88296,3Hhe5kzy
Jeffrey,Camacho,Transport planner,Forest/woodland manager,bhicks@example.net,Greerton,2529173991,35996,GxG40nsl
Maria,Schwartz,Human resources officer,Charity officer,nichole56@example.net,Jeremymouth,4636077022,59988,xoZaUOtr
Gina,Harvey,"Designer, television/film set",Set designer,griffintravis@example.com,Glennview,9526983779,61203,Q0BzHm9G
Kimberly,Williams,"Conservation officer, historic buildings","Surveyor, quantity",lynchaaron@example.net,Lake Sara,(605)417-3666x3086,4280,P0L0aPHx
George,Hood,"Buyer, retail",Industrial buyer,fkennedy@example.net,New Elizabeth,724-335-0033x5111,38691,fzgyy0RZ
Rachael,Horn,Tree surgeon,Geoscientist,zachary12@example.net,Caseberg,001-642-810-6115,14946,TiHNXamT
Barbara,Blake,Structural engineer,"Therapist, nutritional",rmatthews@example.org,Thompsonfurt,594-781-1060x4403,96610,LrakX5mu
Laura,Johnson,Financial planner,Occupational psychologist,michellekennedy@example.org,East Julieview,877.624.4687,33367,TuU04AcD
Amy,Williams,Hospital doctor,Dispensing optician,briancook@example.net,Robbinsfurt,001-362-441-6298x47391,70500,AvJ6dT3m
Toni,Rodriguez,"Administrator, sports",Civil Service administrator,psanders@example.com,East Sharonport,556.613.8948x792,12133,SMAivxpu
Christopher,Daniels,"Nurse, children's",Professor Emeritus,andersonfrank@example.com,Douglasborough,(615)487-3033x171,78293,ZjEb76Pq
Kenneth,Holder,Politician's assistant,Interpreter,smithteresa@example.com,South Crystalview,419-921-3207x7471,26427,UOjb8aDA
James,Zavala,Toxicologist,Public affairs consultant,donaldsonleroy@example.net,New Jessica,321-821-3447x395,47353,t947XvQU
Kimberly,Lopez,"Surveyor, insurance",Accommodation manager,autumncamacho@example.org,Lake Kaylaside,409.725.2090x6116,50228,mP0HYEPU
Robert,Kent,Travel agency manager,Media buyer,william01@example.org,South Adrian,+1-524-792-1037x0217,87823,racwL6e3
Lori,Chen,Financial planner,Multimedia programmer,leah07@example.com,East Reginamouth,426.325.3077,8110,kz8P5tmE
William,Graves,Editorial assistant,Homeopath,sarahreed@example.net,West Brianville,276.858.0210,79577,wByA0mhN
Sherry,May,Homeopath,"Designer, textile",bennettrichard@example.net,Alyssamouth,001-754-300-2255x59120,23747,9Xems9tC
Kenneth,Perez,"Scientist, clinical (histocompatibility and immunogenetics)",Research scientist (maths),reidsydney@example.com,Romeroshire,808.449.2325x958,5477,oLXAw8h8
Caroline,Mcdowell,Systems developer,Architectural technologist,seanwilson@example.com,South Larryview,281.760.9311x019,73968,BMDcZX4E
Amber,Baldwin,"Journalist, newspaper","Engineer, petroleum",danielford@example.com,Johnsonborough,5263738296,85056,rqZK5WDk
Michael,Costa,Chief Strategy Officer,Trade mark attorney,thomasgarcia@example.com,Davidmouth,213-210-4540x24142,58183,MVFElKgF
Paul,Johns,"Programmer, applications","Nurse, mental health",carlos36@example.org,Bradshawtown,432.815.4329x32376,43657,tHAfcgZm
Joseph,Walker,Theatre manager,Theatre stage manager,perkinsamber@example.net,Lake Maryborough,(816)360-8968,20831,4dsMdMlO
Natalie,Wright,"Teacher, music",Commercial art gallery manager,katherine59@example.org,North Julia,4363863958,14163,ZKvGkqZs
Robert,Tran,Building services engineer,Financial adviser,samantha63@example.org,North Bethmouth,+1-385-712-2480,58123,SyBN2WGb
Ashley,Roberts,Community arts worker,"Optician, dispensing",jennifer98@example.com,Peterhaven,(933)665-2351x9101,33677,G1Q8YBEw
Lisa,Koch,Cabin crew,Quality manager,lindseyjohnson@example.org,Nelsonfurt,725-629-5912x025,18557,6NQrjaDh
Peter,Cervantes,Systems developer,Energy manager,taylorsara@example.com,Port Anthonyview,+1-602-528-0517x28000,34510,0cG2iA4A
Ryan,Sanders,Operations geologist,Retail manager,smithbradley@example.org,Edwardschester,296.286.9484,26645,B0AdItFR
Theresa,Price,Archivist,"Accountant, chartered public finance",leahmorton@example.net,New Alexander,998.514.1397,58321,4AKA1wX9
Stephen,Nguyen,"Accountant, chartered certified",Engineering geologist,trevinojennifer@example.com,Port Yolanda,+1-226-925-8936x09857,39740,miQaQjbr
Robin,Schroeder,Retail manager,Freight forwarder,maryanderson@example.net,Paulbury,001-694-603-2642,62071,GXNqARCP
Daniel,Stout,Horticultural therapist,Product manager,steven38@example.org,Lake Ariel,+1-509-920-4470x39058,51275,8ryxxYpz
Dustin,Cox,Proofreader,"Nurse, adult",andreaclark@example.com,Port Jeffrey,001-447-219-7683x4076,98014,6w9QedZ9
David,Simmons,Technical sales engineer,Occupational therapist,josephadams@example.net,Port Jorge,001-538-790-0885x74042,62358,bmusZoEv
Brian,Cervantes,Actuary,Television production assistant,kyleshelton@example.org,North Nicholasfort,001-323-272-4119x01267,96035,egvlpOqT
James,Jefferson,"Therapist, speech and language",Mechanical engineer,markdoyle@example.com,Ramosbury,(999)702-6155x9129,63918,OeNbaMpd
Peter,Collins,Intelligence analyst,Television floor manager,dillonjennifer@example.com,Lake Marystad,721-317-6896x731,30623,MKPCSqtw
Mark,Miller,Public relations account executive,Geoscientist,tim49@example.org,Andrewview,+1-599-915-4702x1092,5416,upQbMr5d
Austin,Allen,Landscape architect,Barrister,alicia05@example.net,Thomasstad,660.523.7466x36011,43579,nBn0Drul
Barbara,Wright,Product designer,Nutritional therapist,valeriesmith@example.org,Amandamouth,8623608126,72235,EVpaMmVZ
Dorothy,Ayers,Advice worker,Financial risk analyst,charlesabigail@example.net,South Gabriel,+1-956-361-6999x283,43077,GHhWyyZl
Leslie,Vang,Horticultural therapist,Medical laboratory scientific officer,ngarcia@example.com,Richardport,001-359-409-2705,33599,CjqXfqmL
George,Padilla,Corporate treasurer,"Clinical scientist, histocompatibility and immunogenetics",boydvanessa@example.net,Barnettbury,001-456-354-3266x034,44827,ATGvrQZm
Gabriela,Morgan,Statistician,Chartered legal executive (England and Wales),thorntonphilip@example.org,Brandyton,(638)847-6725x5801,99532,VRu9pJHh
Tiffany,Santana,"Scientist, clinical (histocompatibility and immunogenetics)",Museum/gallery exhibitions officer,danielle57@example.net,South Melissamouth,891-437-8063x004,55202,ZsYpfzFN
Laura,Bell,Animal nutritionist,Information systems manager,rodriguezvictor@example.com,Port Joanne,3153870954,49058,bGOpscZd
Matthew,Mcmahon,Dramatherapist,Broadcast presenter,harrislaura@example.org,Andreafort,001-365-226-4166,46778,4WIFU1oC
Rebecca,Ryan,Herbalist,Armed forces operational officer,jharrington@example.org,Lake Patricia,(915)865-7760x85095,37557,fXWZcfEV
Ricky,Smith,Building surveyor,Industrial buyer,williamssusan@example.org,Port Michaelfurt,8636440964,65100,K0Lt8Aev
Erin,Miller,Leisure centre manager,Information officer,clementsjill@example.net,East Elizabeth,407.603.7717x8249,61103,cPho2gt2
Nicholas,Harris,Scientific laboratory technician,Ambulance person,shill@example.net,Palmerborough,856.877.9092,1232,p0sANl9t
Diane,Carroll,Product/process development scientist,"Exhibitions officer, museum/gallery",kathryn78@example.net,West Aliceport,929.593.0414x731,28563,YxdnDMLk
Andrea,Myers,Financial adviser,Field trials officer,phillipwilson@example.org,Zavalamouth,+1-730-427-5312x2964,74313,kXxXZ714
Francisco,Velez,"Education officer, community",Technical author,karlgibbs@example.net,South James,992.986.1641x04361,69342,kioprtBI
Paul,Warner,Computer games developer,Industrial buyer,john58@example.org,Tinafurt,+1-893-249-9739x262,84405,tOnl4nqs
Tracey,Smith,"Research officer, government","Scientist, research (maths)",carololiver@example.org,Tammymouth,4849816410,56020,uJ70w46H
Jenna,Perkins,English as a foreign language teacher,"Editor, film/video",torreskurt@example.com,Lake Nathanmouth,621-927-6136,12975,nwCCVDF6
Darius,Cruz,Quarry manager,Public relations account executive,danielpeters@example.org,Munoztown,(240)620-3149x449,60911,xuhx5F6K
Taylor,Weaver,Higher education lecturer,Landscape architect,johnlewis@example.net,Lewisburgh,7162258275,26057,YcSYVswh
Marc,Benjamin,"Accountant, chartered management",Proofreader,jonesandrew@example.org,West Michaelfort,+1-615-934-5797x7147,79263,JHp6uwYL
Margaret,Gonzalez,"Scientist, product/process development",Occupational therapist,allengarcia@example.net,Lake Amyport,867-687-4368x2453,68546,GscEGqKm
Nathan,Estrada,Charity fundraiser,"Designer, blown glass/stained glass",martinezcharlotte@example.net,South Jody,+1-860-693-9600x77258,87647,K169X4yB
Jennifer,Davis,Administrator,Mudlogger,angelica99@example.net,South Nicole,(279)854-4243,45637,jTVMCEGX
Jeremy,Harrison,Barista,Hydrographic surveyor,jay83@example.org,Brandonville,001-963-382-1549x67220,49442,XNAlOtR3
Luke,Garcia,Osteopath,Television/film/video producer,rvillarreal@example.net,Brennanport,(690)826-9518,51516,l9OwUkZs
Jessica,Vincent,Police officer,Theatre director,jhughes@example.org,Carolland,(790)542-7519,67772,jOMNbjxU
Kristen,Jackson,"Journalist, broadcasting","Designer, television/film set",andreawells@example.org,Lake Maryberg,(217)228-5189,74217,xqqPEXdL
Rhonda,Ellis,Information officer,Paramedic,victoria38@example.com,Solomonport,277-755-6697x393,2271,LcNVJcls
Kathy,Barnes,Financial adviser,Commercial art gallery manager,ecurtis@example.net,South Franciscotown,432-786-2607,1148,uGyWJReB
Dawn,Bentley,"Engineer, technical sales",Publishing copy,barbermaria@example.com,East Aliciabury,(993)677-0142,65896,2mmUdy2f
Nancy,Atkinson,Leisure centre manager,"Engineer, biomedical",daniellevaughn@example.net,New Andrea,254.944.3426x584,8508,h8kdvFD4
Isaiah,Ferguson,Leisure centre manager,Sport and exercise psychologist,scottholly@example.com,Wendyhaven,(244)247-6546x5214,7930,ip3IkCbv
Julia,Daniels,Financial trader,IT consultant,johnmiles@example.org,South Jamesville,(810)614-4243x93838,24424,BeMJVH5B
Mark,Peters,Financial manager,Housing manager/officer,barrycarter@example.net,East Gilbert,+1-777-843-2212x945,85223,tNlgqjWM
Christopher,Beasley,Armed forces technical officer,Commercial art gallery manager,greenmeghan@example.net,New Jennifer,349-413-4411x987,65578,jPnwtRbM
Jennifer,Perry,Public affairs consultant,Market researcher,mcleandavid@example.net,South Brianberg,470.803.1841x186,45085,f4rESNrV
Colleen,Rogers,Osteopath,Environmental manager,qparks@example.org,Garciahaven,923.756.1290,75016,6k5rVcGP
Marcus,Valdez,"Psychologist, sport and exercise","Surveyor, minerals",morenobrian@example.org,Brennanborough,662-717-5041,77568,D8ezQgMw
Stephanie,Ramsey,"Engineer, chemical",Video editor,alexislogan@example.com,Joshuastad,367.709.0547,28292,Sy3rbvA5
Steven,Schultz,"Therapist, music",Visual merchandiser,johnsonchristopher@example.net,East Johnview,979-340-6889,57899,ANl9ESAz
Joe,Obrien,Information officer,"Engineer, control and instrumentation",zvazquez@example.com,West Pamela,(271)518-7276,92530,pfW3Qdnb
Gregory,Baker,"Editor, commissioning",Further education lecturer,wallacekristina@example.org,Charlesland,(572)498-8080x91774,20134,UpFZbq6R
Michael,Matthews,Hospital pharmacist,Ophthalmologist,amccoy@example.com,South Kathrynland,2769717809,78403,BmDVAmLs
Laura,Barber,"Designer, industrial/product","Nurse, mental health",chad41@example.org,Hernandezhaven,(657)722-5969x177,79820,QfNDordm
Sarah,Scott,Sales promotion account executive,Sport and exercise psychologist,kellyerik@example.net,West Carlos,307.615.0720x6083,15045,WNyn1THd
Mark,Garcia,"Engineer, biomedical","Designer, furniture",laurahowell@example.net,West Juliemouth,616.680.5639x556,44935,Mmw56Tam
Luis,Jarvis,Professor Emeritus,Advice worker,ulane@example.org,Westborough,+1-340-532-7008x4031,85833,Inx02hAa
Michael,Gilbert,Counselling psychologist,Child psychotherapist,christinabuchanan@example.org,Lake Stacey,(697)233-5846x2551,23056,YEqvqWkT
Gabrielle,Martin,"Runner, broadcasting/film/video",Armed forces logistics/support/administrative officer,ryanroberts@example.com,Stephaniemouth,(843)848-7523,63925,WUEEovln
Taylor,Bautista,"Teacher, adult education",Outdoor activities/education manager,sarahcole@example.com,Lake Joannashire,429-320-9266,50062,hYAIAcFr
Alejandra,White,"Pharmacist, hospital","Engineer, structural",martinezmaria@example.org,South Kevinberg,(363)323-4066x760,91683,WmDtSYkr
Alyssa,Davis,Armed forces logistics/support/administrative officer,Pharmacologist,lsmith@example.org,Taylorchester,786-806-7480x732,60221,nWnfhJ5L
Billy,Frazier,Television/film/video producer,Petroleum engineer,kimberlyalvarez@example.com,New Williamland,228-609-2345,83460,zJQFbU0b
Lori,Colon,Tax adviser,Chief Executive Officer,robertjames@example.org,Johnview,720-291-4015x072,32791,4PK7T2No
Brian,Hall,Television/film/video producer,Chartered accountant,robert12@example.com,Nicholsstad,001-559-931-1936x339,86078,nSnuN87V
Paige,Curtis,Tour manager,Trading standards officer,joyceroman@example.com,Lake Lorraine,623-797-5512x948,15418,t5gwiPE6
Randall,Carr,"Solicitor, Scotland",Ecologist,rebecca01@example.org,New Jacquelineshire,260.256.0498x2872,90882,kQwGmAAj
Brian,Walker,"Chemist, analytical",Newspaper journalist,mercadocorey@example.org,New Maryborough,+1-784-752-0167x00942,96486,tAmSTWXO
Sheila,Delgado,"Clinical scientist, histocompatibility and immunogenetics",Tax inspector,justin00@example.org,Julieburgh,897-703-6656x3967,30874,Z6AE8xjv
Nicholas,Bailey,"Lecturer, higher education",Forest/woodland manager,jessicashelton@example.org,West Julieton,256.335.2674,83674,mmZjr5mS
Jessica,Turner,Geoscientist,Audiological scientist,potterdylan@example.net,New Shannonland,001-495-642-6436,12718,Wfx2IFqH
Jeff,Caldwell,Farm manager,Retail banker,colleen31@example.com,Port Deniseport,001-207-676-3035,1571,Xogwd354
Jessica,Wilkerson,Sub,Analytical chemist,tpennington@example.com,Changmouth,218-373-2236x1642,84717,byFMAd8V
Jose,Jenkins,Insurance risk surveyor,"Optician, dispensing",velasquezjames@example.com,Hunthaven,755.692.5288x8717,30333,PuwKeEvz
Christopher,Delgado,Applications developer,Horticultural consultant,mary52@example.org,Johnsonburgh,(224)582-7725x320,28216,56SsLq4R
Christina,Summers,Medical technical officer,Cartographer,thomas75@example.org,West Sethmouth,(907)992-4316x87655,15818,RMkl2Iqw
Nicholas,Mendoza,Food technologist,"Scientist, clinical (histocompatibility and immunogenetics)",debrawatson@example.net,Lake Omar,001-531-560-8670,60720,XnegtLxn
Megan,Cantu,Farm manager,Public house manager,christopher37@example.com,East Bethside,510-361-6156x9212,96235,fdU2L0Er
Sherry,Griffin,Clinical biochemist,Office manager,javier25@example.com,Jessicabury,711-939-8439,33217,dVtgmwSy
Marissa,Lopez,Sales executive,Farm manager,charlenemoore@example.net,Port Diana,6985811481,51108,G31jUUj7
Janice,Hamilton,Colour technologist,Geochemist,vasquezcarl@example.org,Port Saramouth,815-498-4142,52887,w47aBizW
John,Baker,Best boy,Retail merchandiser,brenda62@example.com,West John,(936)991-0980,4156,uthYmytu
Anthony,Floyd,Media buyer,"Conservation officer, nature",vincentkimberly@example.net,Wilkinschester,757.444.6004x178,5379,If3EwsWy
Emily,Bolton,"Nurse, children's","Engineer, building services",dkaiser@example.com,Marissabury,379-562-6211x519,62543,vRJDwfda
Michele,Smith,Community pharmacist,Chartered management accountant,cindy78@example.com,New Diane,8524357363,5472,GJwZJ7ep
Matthew,Jackson,Administrator,Associate Professor,coleguzman@example.org,Lake Willie,453.516.8606,17528,THwhreAo
Douglas,Johnson,Trade union research officer,"Accountant, chartered public finance",jgrant@example.org,Anthonyhaven,+1-677-997-3854x186,22656,m0D2x41E
Matthew,Cohen,"Engineer, aeronautical",Quality manager,evelyn17@example.net,South Rebecca,684.912.0375x838,52311,cJ7OZjwu
Lisa,Myers,Broadcast journalist,Tourism officer,meganhudson@example.com,Jonesland,413-373-0038,19889,mVZ1lRBv
Dean,Reilly,Hydrogeologist,Careers adviser,vgreen@example.net,New Joshua,816-845-9905x47435,6711,L051nRlE
Zachary,Faulkner,Industrial/product designer,Editorial assistant,yanggregory@example.net,East Erin,(952)864-3182x602,11436,369mFLYK
Julian,Kennedy,Microbiologist,Dispensing optician,jacksonanna@example.org,Ashleyburgh,+1-323-738-3097x8666,88370,Vck0Tik3
Zachary,Hartman,"Engineer, electronics",Hospital pharmacist,trevorskinner@example.net,Petermouth,971-239-8273x444,70365,O8aeXyEL
Ashlee,Lawson,Clothing/textile technologist,Drilling engineer,gwendolyn52@example.org,Lake Albert,001-302-872-4078x6957,27012,98uuZPPN
Brett,Landry,Chief Strategy Officer,"Production assistant, radio",amaynard@example.com,New Lori,001-785-371-1468x30202,90828,AnWmx2Yl
Frederick,Nunez,Chiropodist,Call centre manager,andrea98@example.net,Reynoldston,908.261.4918,20847,sbSasyyh
Nicole,Ward,Dramatherapist,Nature conservation officer,kevin52@example.net,Heatherburgh,703-998-5696x08650,81392,hJk9eKWu
Christine,Blair,"Secretary, company",Research scientist (medical),alicia53@example.net,Elizabethfurt,(808)396-6406,8153,nqmdxsmu
Susan,West,Chief Executive Officer,Hydrogeologist,christinamccarty@example.org,Lesliemouth,001-417-355-0673,30022,s9e9uG6R
Colleen,Ponce,"Editor, film/video","Psychologist, prison and probation services",gregorygiles@example.net,East Thomasview,+1-623-955-8339x179,10379,sXUv7uXH
Jessica,Peterson,Tourism officer,"Engineer, manufacturing systems",isingh@example.net,South Dianafurt,471.523.2482,78535,HqC3JWcg
William,Morton,Printmaker,Retail banker,wadeashley@example.org,Lake Amandaland,610-550-2133,70761,E3w6vKw0
Amber,Miles,Advertising account planner,Aeronautical engineer,amyaustin@example.com,Jenniferberg,(286)552-1535x6290,31793,4nQmfzVx
Judith,Lawrence,Sports coach,Theatre director,fwallace@example.org,North Lorraine,+1-801-534-6318x7114,84475,EB7OziyQ
Stacey,Lowery,"Producer, television/film/video",Sports development officer,kristina39@example.com,Mckayhaven,297.203.1623x2156,30813,ip0qSL4O
Aaron,Martin,Air broker,Product designer,robert66@example.com,Jacksonstad,877.484.5667x0302,2919,4qQ2nHDA
Henry,Wallace,Chiropodist,Speech and language therapist,davidnelson@example.net,Austinberg,(992)219-4530,98363,K9v1Ukx5
Kyle,Stone,"Editor, film/video","Therapist, music",ihill@example.com,Port Jenniferburgh,001-579-456-1937x568,99473,lQReokz5
Malik,Kelly,"Librarian, academic",Interior and spatial designer,kristencarroll@example.net,Deanside,671-462-5830x6064,73476,RmOLk4UP
Justin,Mann,Ophthalmologist,Commercial/residential surveyor,kevin32@example.org,New Donald,2486053084,8033,m14WlYFt
Shawn,Peters,"Therapist, nutritional",Hospital doctor,danielleking@example.org,Port Natalieport,(523)282-2940x7766,99475,yBAoLx9d
Carl,Smith,Armed forces training and education officer,Chartered management accountant,rileylindsay@example.com,Richardchester,6634532485,62232,WwRLjCeu
Christopher,Curtis,"Radiographer, therapeutic",Geophysical data processor,thorntonmark@example.org,New Brittanyburgh,(362)924-9005,88709,AMeAXgEC
James,Smith,Chartered public finance accountant,Museum/gallery curator,catherineoliver@example.org,West Karen,884-801-8765x482,40410,xb4CR5wc
Paul,Hernandez,Warden/ranger,Science writer,kelly54@example.org,New Crystal,001-245-611-8049,85625,A4zbAdWw
Samantha,Young,"Scientist, research (medical)",Make,thomasjonathan@example.org,West Davidmouth,5563303574,69667,9hd3O63R
Linda,Wilson,Osteopath,Environmental consultant,osmith@example.net,Tiffanytown,443.473.7459x73439,51045,iwvEepiQ
Marie,Gonzalez,"Designer, graphic",Farm manager,dennis93@example.org,Piercetown,001-270-883-1224x29457,77278,d6ABVyEn
Dominic,Anderson,Clinical biochemist,Building services engineer,willissarah@example.com,Lake Sarah,641.676.8668x58001,5432,gITe1MOd
Frank,Cain,Leisure centre manager,Textile designer,orichardson@example.com,Birdfurt,(876)491-4242x9306,7098,aoGh38Rc
Alan,Gonzales,Dancer,Media buyer,pbryant@example.net,Leachside,001-576-243-6393x84422,44653,rzooKQ97
Charles,Shields,Logistics and distribution manager,"Journalist, magazine",mle@example.com,South Joseph,702.235.1549x4404,67268,UXQaGcF0
Stanley,Weber,"Engineer, biomedical",Chartered management accountant,timothy10@example.net,North Miguelton,+1-924-627-2664x026,20441,KVjcIh71
Kenneth,Peterson,Health and safety adviser,"Engineer, drilling",kimberlylara@example.com,Michellemouth,687-366-0870x3821,99429,cXYimQLb
Patricia,Roberts,"Scientist, research (medical)",Adult guidance worker,amy79@example.org,Haydenberg,306.686.7469,34299,RkARiMKU
Kyle,Taylor,Accommodation manager,Clinical cytogeneticist,amcmillan@example.com,Brownborough,305-644-4353,69998,4rU8RQvI
Jennifer,Wright,"Designer, television/film set","Radiographer, diagnostic",eallen@example.com,Moralesshire,877-715-0969x78217,63599,mJnDzmTn
Brenda,Jordan,Drilling engineer,Forest/woodland manager,qharris@example.org,Mcdonaldtown,544-626-1409,79818,HfntkbA9
Rachel,Miranda,Geophysicist/field seismologist,Commercial art gallery manager,katelynsanchez@example.com,Garzafurt,3222816662,21185,snkLpiqm
Alexander,Watkins,Industrial buyer,"Runner, broadcasting/film/video",blankenshipmark@example.net,Ericshire,652-759-4720x4590,46817,4UClT9ei
Nicholas,Landry,Biomedical scientist,"Optician, dispensing",hrodriguez@example.net,Port Wendy,001-771-533-2475x2064,56807,5RFPYJ4H
Stacy,Morales,Museum education officer,Glass blower/designer,sarah77@example.net,East Christianshire,001-618-287-6077x562,92414,25cYf1zW
Jason,Griffin,"Psychotherapist, dance movement",Firefighter,harrisjoel@example.com,Brandistad,(693)376-6266,85198,66S1YGjy
Megan,Herrera,Hydrographic surveyor,TEFL teacher,nelsonsteven@example.org,Tracyberg,+1-651-832-0710x6178,91808,3r8K4kqj
Kelly,King,Leisure centre manager,Orthoptist,cbradley@example.org,Phillipton,908.257.6592x30549,69499,VhYqPJFT
Rhonda,Calderon,Advertising art director,"Surveyor, building",hollowayjohn@example.org,South Karenport,(801)342-8161,34433,sLdbrEHD
Michelle,Steele,"Teacher, special educational needs","Psychologist, forensic",msmith@example.com,West Bryan,272-896-2702x093,48888,W680cOCO
Gina,Rodriguez,Bonds trader,Commissioning editor,nathanieljames@example.org,Danielmouth,584-541-2999x657,39995,XKeL2WY4
Erica,Garcia,Air traffic controller,"Education officer, environmental",florestaylor@example.net,Reesemouth,001-380-861-8291x38947,5592,IGC2XdKu
Cynthia,Warren,Network engineer,Multimedia specialist,elizabeth15@example.net,Thomasberg,647-211-0579,93035,d8cJ6tP0
Christopher,Rice,Tour manager,Rural practice surveyor,radams@example.org,Jessicabury,597.515.4503,27251,r9enFCSS
Martha,Bryant,Environmental health practitioner,Water engineer,wandabyrd@example.org,Paulton,902-244-0449x8498,48046,DZefsIBs
Madison,Knight,Social worker,Diplomatic Services operational officer,adrienne33@example.net,South Priscillamouth,(903)940-4141x214,89094,JRxh8epl
Todd,Stewart,"Programme researcher, broadcasting/film/video","Therapist, music",floydtimothy@example.com,Santiagomouth,001-362-693-3881x18515,46177,DPtNKOLf
Zachary,Williams,"Accountant, chartered management",Biomedical engineer,danielle87@example.net,Lake Ashleyton,964.672.0446x119,67382,dMgSgoVn
Amber,Pittman,Broadcast engineer,"Radiographer, diagnostic",matthew63@example.org,Kirstenchester,549.606.0797,63968,wPsaGkt1
Diana,Woods,Fine artist,Insurance broker,stephen62@example.org,Theresamouth,(719)537-2341x14568,54490,SguPc35d
Jessica,Watkins,"Psychologist, forensic",Air cabin crew,lisa03@example.net,North Allison,+1-514-539-6189x64636,94651,1pmjKGGb
Amy,Gutierrez,Marketing executive,Wellsite geologist,carlosray@example.net,Adriennechester,914-744-0213,87425,qgfRbiwO
Nancy,Davis,Furniture conservator/restorer,Production manager,david55@example.com,Phillipsland,(975)488-2450x101,95472,xQJZsRKQ
Michael,Thomas,Television production assistant,Government social research officer,tjackson@example.net,Mckenzieton,5422765359,14596,uucCf2Ey
Gloria,Espinoza,Associate Professor,Editorial assistant,frankbaker@example.net,Carmenhaven,947-477-2206x291,18312,n0sLanTP
Justin,Riggs,Production engineer,Financial manager,denise37@example.org,Kramerborough,001-654-994-7961x17065,48370,Ma2CPK7M
Victoria,Winters,Energy engineer,Air broker,christinemarquez@example.net,Port Benjaminville,208.993.0092,379,K2gv4XfJ
Patricia,Robles,"Editor, magazine features",Horticultural therapist,mschroeder@example.net,East Bradley,(555)916-9606,94531,XfygbH69
Olivia,Hayden,"Lecturer, higher education",Water engineer,stephanie96@example.org,New Vanessaburgh,(877)572-6677,76205,k1OAdx0i
Angela,Flores,Financial manager,"Pharmacist, community",john44@example.net,Christinechester,357-847-2607x58852,47178,mHRDfABV
Shawn,Tran,Chief Strategy Officer,Biomedical engineer,carterjonathan@example.org,South Timothy,+1-839-231-3545x6895,60242,xuLuqc8l
Austin,Hood,Technical sales engineer,Textile designer,wellsjames@example.net,Lake Marissa,9954962479,64808,Pe6nejtU
Michael,Trujillo,Theme park manager,Intelligence analyst,wvang@example.com,Pamelatown,001-931-555-0244x0767,82118,j3wc0wwR
Natalie,Smith,Illustrator,Theatre manager,johnsonmelissa@example.com,Port Karen,001-769-525-3271x0356,34694,RTwBhSbQ
Cory,Mclaughlin,"Teacher, adult education",Furniture designer,daviddelgado@example.com,West Anthonyland,(738)645-7017x4381,10622,ycXNaI06
Anthony,Obrien,Research scientist (maths),Trade mark attorney,kristen46@example.net,Barbaraborough,001-911-464-6418,58534,4XlIXIgM
David,Mathews,Communications engineer,Production manager,sean28@example.com,South Tonyview,001-595-563-7910x18198,72537,GJoUPeIa
Sandra,Lewis,Regulatory affairs officer,"Conservator, museum/gallery",jessica60@example.net,Brandonland,(468)808-1616,6091,aKUTJX0w
Gregory,Hansen,Building control surveyor,Economist,cmanning@example.org,Amandaberg,+1-796-766-9231x26056,55323,n6UDOosk
Shelly,Reed,Hotel manager,"Research officer, government",ricebecky@example.com,Lake Christinachester,(491)864-3138x7041,72343,9OCsXd4m
Sara,Alvarado,Forensic psychologist,Air cabin crew,dbaker@example.com,Whiteburgh,7572165467,15995,TTl59IBy
Charles,King,Health and safety inspector,"Social research officer, government",lcordova@example.com,New Jay,244.487.5181x80705,68055,bAdIyxdL
Wesley,Arnold,"Surveyor, rural practice","Radiographer, diagnostic",ahamilton@example.net,Schneiderton,761.583.0653x0150,14461,MFje05B5
William,Evans,Catering manager,English as a foreign language teacher,smithrobert@example.net,Lake Samantha,(768)436-3951x19597,21944,9MMRfVwT
Sheryl,Spencer,Chartered public finance accountant,Illustrator,banksjoseph@example.org,Jamesport,223.757.8565x2004,26136,u5b5xB3h
Christopher,Hall,Occupational therapist,"Engineer, water",amanda30@example.net,Schwartzbury,786.499.5643x3538,75649,6rRrwTVG
Aimee,Barrett,"Surveyor, planning and development","Psychologist, educational",kcooper@example.com,Josephbury,(439)252-1087,2466,tWTFzNS0
Tricia,Moreno,"Engineer, civil (consulting)",Hydrographic surveyor,bakerpaul@example.com,Bowmanland,(330)694-8598,4346,sBwsCBIY
Daniel,Romero,Customer service manager,Clinical research associate,alexander24@example.net,Lake Mary,+1-501-224-6734x50140,71225,lhCutmoi
Michael,Moore,Statistician,Race relations officer,petersonbenjamin@example.com,Williamchester,950.723.6866x50096,83468,BBWgO3FA
Patrick,Pham,Medical illustrator,Financial trader,uprice@example.com,Charlesland,680-364-7963,79615,jO4djMsb
Daniel,Long,Medical technical officer,Landscape architect,thomas45@example.com,West Heather,001-914-439-3288x71104,97473,3Jj9LS0N
Jason,Young,Adult nurse,"Conservator, museum/gallery",duranbrenda@example.net,Lake Anthony,260.912.8146,3149,Sz7gn5jR
Douglas,Scott,Public relations officer,"Psychologist, clinical",chenrebecca@example.com,Wheelerside,655-889-7012,71494,AwDcny8P
Andrea,Pennington,"Designer, exhibition/display",Physiological scientist,brandonthomas@example.org,Christopherfurt,+1-894-762-5565x42947,81068,EusYFSZ7
Ashley,Meyers,Health and safety inspector,Environmental education officer,harrisjames@example.net,West Benjaminberg,977-448-4503x40000,98239,wdaYuOL0
Joseph,Walker,Structural engineer,Advertising art director,todd06@example.com,Michaelhaven,001-941-358-9922x87957,69720,45OJZfwI
Erica,Robinson,"Scientist, marine",Hydrologist,ptran@example.org,Morganport,460.923.9970,49353,q1BEGhsD
Gregory,Ross,Quantity surveyor,Academic librarian,deanna77@example.org,Lake Codyhaven,(380)651-2806x320,54930,VBI6mrEG
Jeffrey,Williams,"Pilot, airline",Gaffer,mary70@example.com,Joseton,598.713.7106,38750,Eb9SnzxL
Allen,Mendez,"Programmer, systems",Arts administrator,hilltyler@example.org,Whitefort,(456)921-2634,66456,5Z5JIdIm
Charlotte,Reyes,Lobbyist,Pension scheme manager,elizabeth36@example.com,Martinview,(243)590-7474x562,76120,5Vjz8CdU
Paul,Singh,"Pharmacist, hospital","Psychologist, counselling",michael46@example.net,Hillland,(916)901-3009x216,62370,zmlyVFVx
Martin,Bush,Naval architect,Tour manager,michael10@example.net,Lisamouth,001-434-518-7455x149,27730,TTwtdFaF
Jaime,Martin,"Scientist, product/process development",Electrical engineer,nanderson@example.net,Kimberlytown,001-526-903-9388x047,15625,5i7kv4C9
Seth,Mercer,Ophthalmologist,Higher education lecturer,tinabowers@example.net,Stephensbury,356-336-8026x53031,55437,nQUjY9SZ
Gregory,Johnson,"Engineer, maintenance",Dietitian,campbellamanda@example.com,Crawfordhaven,364-751-2838,5789,sZwG7Foh
Jesse,Gentry,Newspaper journalist,Metallurgist,rhonda59@example.com,Bushchester,2622422520,67341,Q41wVoH8
James,Lowery,"Conservation officer, historic buildings",Technical sales engineer,amberbryan@example.org,Lake Seanfurt,841-722-7724,74503,BXrxAe4S
John,Shields,Multimedia programmer,IT consultant,upage@example.com,Johnmouth,+1-928-204-4908,44156,onub1KGf
Maria,Buchanan,Restaurant manager,Aid worker,pedromarshall@example.org,Lake Robert,301.215.6029x00525,29001,DkwuhBjN
David,Williams,Make,Media buyer,willie76@example.net,Jessicaton,278-514-0449x3908,83838,Gf8DVxlW
Carrie,Hinton,Garment/textile technologist,Corporate investment banker,jeremyfoster@example.org,Hannahhaven,001-403-838-3288,17254,F0kTaFCU
Gregory,Smith,Control and instrumentation engineer,Insurance account manager,kelsey15@example.org,New Michael,200.416.9589,76660,UaweVGHH
Carrie,Chavez,Clinical psychologist,Fashion designer,jennifermontgomery@example.net,South Tara,287.980.2756,65471,ndzL3QOB
Laura,Brown,Private music teacher,Health and safety inspector,heatherjimenez@example.com,Johnsonmouth,570.680.3148,13594,QtDxr1no
Michelle,Thompson,Barrister's clerk,Telecommunications researcher,brownrobert@example.org,Port Christopher,758-390-2416,50315,JGmQrOEA
Sarah,Hale,"Geologist, engineering",Educational psychologist,roger90@example.com,New Brucefort,001-373-335-6473x29955,63647,z9Fmy6ux
Jessica,Sanders,Music tutor,Operations geologist,finleyabigail@example.com,North Anthony,347.345.9200x3787,63386,Y4nt3MQO
Sarah,Martinez,Building surveyor,Hydrologist,steve57@example.net,New Jacqueline,(343)433-8585,10495,fgOV1xJF
Edward,Gutierrez,Hydrogeologist,Accounting technician,kinglaura@example.com,Marissafort,6144129729,9162,KKMYFwEU
Cynthia,Morrison,"Engineer, broadcasting (operations)",Claims inspector/assessor,laura75@example.com,Wardborough,(627)626-7309x63293,26477,1i4u4Ecr
William,Atkins,Psychiatrist,"Research officer, government",joseph93@example.org,Port Aliciachester,507.552.9349,42922,N3KGgb9V
Shawn,Weeks,Banker,Podiatrist,cjohnson@example.org,Port Cliffordberg,8127867550,55002,EL7DZDxF
Roger,Duncan,Heritage manager,"Teacher, special educational needs",copelandmatthew@example.com,Garciaview,(927)636-4158x365,37589,ivDD7Azl
Matthew,Horton,"Engineer, civil (consulting)",Artist,mlopez@example.org,Port Marcus,501-490-6226,29113,sKfdCsMu
Sheila,Jensen,Armed forces logistics/support/administrative officer,Regulatory affairs officer,juliajohnson@example.net,Davidtown,751-306-9996x0671,10052,wVoLAdbR
Isaac,Montgomery,Manufacturing systems engineer,Comptroller,devin94@example.com,Laurenton,(641)374-3651x80780,99911,IdAM6mEV
Robert,Morris,"Surveyor, hydrographic",Occupational hygienist,ctaylor@example.org,Annaside,+1-278-579-3457,50130,4fkOJ8aY
Kimberly,Martin,Music therapist,Haematologist,riverakaren@example.org,East Christopherburgh,9892738150,11053,2IU6zgav
Corey,Walker,Sales executive,"Scientist, research (maths)",tammywright@example.org,Jeffreyfurt,776.245.4446x9975,35678,SZSQ8iu7
Nicholas,Gonzalez,Dentist,Environmental consultant,marissa77@example.com,Shannonstad,(436)374-1890x933,66031,5FMeRK3Y
Briana,Pham,English as a second language teacher,"Engineer, communications",alejandrasmith@example.net,East Kimberly,(336)870-6896x05694,11806,UMyA71G4
John,Thompson,Set designer,Translator,josephphillips@example.org,Stanleyfurt,+1-708-798-6398,97105,Cl323nea
Victoria,Lopez,Lobbyist,Exhibition designer,qstokes@example.com,Brittneychester,899-853-1378,70662,8JKDJsBC
Michael,Jones,"Restaurant manager, fast food",Automotive engineer,jpineda@example.net,Williamside,(265)610-8480,75054,rWke1UQF
Mary,Randolph,Administrator,General practice doctor,steven03@example.org,West Johnmouth,001-840-436-5566x73665,43385,rXbqZPks
Anthony,Harrison,"Scientist, research (life sciences)",Physiotherapist,timothy22@example.net,Watsonberg,+1-490-502-4451x8261,2294,zpj0XVg9
Timothy,Eaton,"Exhibitions officer, museum/gallery","Development worker, community",sarah93@example.com,Lake Nicole,8757303431,94478,wmzAvllJ
Kathleen,Williams,"Conservator, museum/gallery","Designer, fashion/clothing",wilsonstephanie@example.com,South Bobby,001-719-210-0582x9517,76366,LB4LySkf
Darrell,Brown,"Scientist, research (medical)",Press photographer,brookehess@example.org,Michaelstad,420.331.2163x63364,10260,FFz1OdrZ
Sarah,Thomas,"Designer, television/film set",Associate Professor,jadeforbes@example.net,South Melissa,001-675-356-9185x5094,28444,jjM8G8pD
Teresa,Campbell,"Scientist, research (maths)","Surveyor, building",williamsthomas@example.net,Smithmouth,001-993-528-6627x65050,46639,02ZusRop
Heather,Small,Oncologist,Patent attorney,judith82@example.net,Kellyland,203-576-6945,69709,CTEmVbYo
Noah,Lynch,Food technologist,"Engineer, land",jking@example.net,North Jameston,987-436-2680,38378,02TVatjn
Mary,Hill,"Engineer, drilling",Ergonomist,llarson@example.org,Allenstad,565.658.6146x96025,81189,c364yQ4A
Darryl,Thornton,Risk manager,Bonds trader,bradleymichelle@example.net,Franklinhaven,(959)683-0426x4055,51607,949ccSHI
Ian,Torres,Veterinary surgeon,Intelligence analyst,schmidtamy@example.org,Parkermouth,838-748-8134x0795,36809,hQAH4k5w
Victoria,Brown,Jewellery designer,Publishing rights manager,matthewbaker@example.org,Joemouth,235-241-3819,70280,tp57veua
Debbie,Christensen,Production engineer,"Scientist, clinical (histocompatibility and immunogenetics)",stewartbruce@example.net,Lake James,996.593.4573,57377,RovtotXf
Michael,Berry,"Lecturer, further education",Outdoor activities/education manager,timothymendez@example.net,West Tracyhaven,807-977-2654,47171,XQheW6PK
Shirley,Alvarado,Clinical molecular geneticist,"Engineer, civil (consulting)",victoria75@example.net,North Brandy,(434)308-9041,56795,XJZw7mY6
Michelle,Myers,Police officer,Furniture conservator/restorer,yhamilton@example.org,Vickistad,2838121198,18901,WBHaTPTe
James,Conner,Retail merchandiser,Fine artist,kevin34@example.net,South Catherineborough,799.236.2289,29272,cdn74ht1
Nicole,Williams,Horticultural consultant,"Designer, fashion/clothing",regina42@example.org,East Christopher,(678)441-9262x8826,81391,TUsd6TtC
Rebekah,Richards,Environmental consultant,Multimedia specialist,austin39@example.com,East Katherinetown,(212)695-7316x11444,33424,jXqt9XoL
Richard,Reed,Commercial/residential surveyor,Regulatory affairs officer,peterbailey@example.net,Nicoleside,221-907-8542x66825,95344,h9CKcvxm
Alexis,Villegas,Cytogeneticist,Biomedical engineer,jkaufman@example.org,New Ryanland,+1-954-229-9005x29110,52540,7sxtaCLT
Victor,Mullins,"Engineer, control and instrumentation",Careers information officer,ynelson@example.com,Nicoleport,+1-235-964-0613x00445,63006,zmkJsvs9
Kimberly,Whitaker,Armed forces logistics/support/administrative officer,"Scientist, research (physical sciences)",rstewart@example.net,East Jenniferton,876.484.3499,33431,4KQXLm9z
Sarah,Smith,"Education officer, community",Archaeologist,campbellruben@example.org,East Jose,(276)234-8279x491,92081,XyDVmhgV
Angela,Hart,Control and instrumentation engineer,Herbalist,donna35@example.com,West Marymouth,863-720-0478,47363,pUSyKpK6
Mike,Taylor,Petroleum engineer,"Nurse, mental health",judystephens@example.org,Leechester,861-775-2624x616,51698,RfJNhhfo
Lisa,Alexander,Lexicographer,Manufacturing engineer,lisa12@example.org,Davemouth,001-960-291-5451x1181,41215,rRZbed9N
Heather,Murray,"Designer, textile",Speech and language therapist,whitejames@example.com,New Jamesland,8042626001,50152,0qsSG5Af
David,Thomas,Civil Service administrator,Economist,kathryngonzalez@example.org,East Timothy,001-870-484-6224x59544,12394,xtytNgOL
Kimberly,Mitchell,"Designer, industrial/product",Retail buyer,pcooper@example.org,Lawsonborough,+1-722-836-2870x5504,30284,RQGSVoYo
Shannon,Schultz,Aeronautical engineer,Advertising account planner,ksanchez@example.org,Kellyfort,525-759-7588x297,45766,YUgHsMMy
Brian,Gonzales,Herbalist,Sales executive,nicholas64@example.net,Reedside,+1-762-674-7778x51475,27503,GT9W3kL9
Megan,Norris,Animal nutritionist,Homeopath,garciachristopher@example.org,New Eric,946.608.2043,39150,aLBfWdKa
Kimberly,Russell,Financial adviser,"Conservation officer, nature",mullinsemily@example.org,Andrewmouth,(319)746-8429,88673,gnFDfDGN
Rebecca,Keller,Theatre director,Event organiser,tiffanysmith@example.com,Port Elizabethhaven,3086596912,7865,Bn7rRkQe
Regina,Knight,"Engineer, biomedical","Engineer, electronics",erica61@example.net,Melindaburgh,001-688-529-5511x827,56430,RXmaPQmp
Lauren,Salazar,Sales promotion account executive,Secondary school teacher,kelly62@example.net,Mathistown,925.407.8660,91577,AxK3DZHn
Richard,Lawrence,Administrator,Chief of Staff,yallen@example.org,Richardchester,(819)868-3597,55952,m9IKfvtW
Christopher,Martin,Futures trader,Logistics and distribution manager,scottcrystal@example.com,Lake Jennaburgh,001-559-626-1116x54441,55530,JA2ErqfT
Margaret,Perry,Personal assistant,"Horticulturist, amenity",farleystephanie@example.com,South Anthonyland,001-794-360-0884,48747,RGyHwteV
Jamie,Martinez,Printmaker,Printmaker,jason50@example.org,Lake Heathershire,697.536.4672x16039,35049,Z5Sm5f4s
Tiffany,Mcclure,Radio producer,Forensic psychologist,bmoses@example.com,Stefanietown,+1-592-879-5777x13692,46072,v16adK7b
Krista,Allen,Social researcher,Lobbyist,mcruz@example.com,South Ryan,451.677.1098x810,17628,wzACZcEo
Beth,Mccarthy,Facilities manager,Advertising copywriter,christophercarr@example.com,Tranton,923.529.2919x037,61401,wcmRJZV0
Taylor,Yu,"Librarian, public","Engineer, land",mitchell75@example.net,West Rebecca,(541)966-6288x7725,70888,qyN4eLR0
Lauren,Holmes,"Teacher, music","Education officer, community",gcole@example.org,South Patricia,001-625-927-6034x5970,55338,Hpq1SlWh
Nicholas,Marks,"Editor, commissioning",Hotel manager,ngriffin@example.org,Williamsonside,001-344-425-7531x247,94586,dYIeDLJc
Amanda,Moore,Curator,Ship broker,alicia71@example.com,Rodriguezview,289.273.0437x46798,29546,k5X7CwCu
Lauren,Curry,"Surveyor, land/geomatics",Community education officer,johndennis@example.net,West Arthurhaven,958-576-4632x48319,7784,3dqSxWuu
Rhonda,Miller,"Engineer, civil (contracting)",Publishing copy,jennifer14@example.net,Hillberg,685-242-4613,72680,RhTCbTm8
Timothy,Singh,Toxicologist,Web designer,donaldcooper@example.net,Parkermouth,+1-996-368-9007,24322,8EHBgx4Q
Derrick,Martinez,Web designer,Fine artist,beardsheila@example.net,Morrisonmouth,2842159012,23015,9lkB0mqP
Jason,Sloan,"Nurse, learning disability",Textile designer,smithsharon@example.net,Jeffreyborough,281-221-0981,92171,KwjW6067
Katherine,Gutierrez,"Engineer, structural",Lobbyist,bryantkimberly@example.net,New Allen,(591)826-4286,33158,eXjYbv0P
Rachel,Mills,Interior and spatial designer,Automotive engineer,michaelmcneil@example.org,South Mary,+1-215-628-6321x008,67344,e7bVLNEw
Jeffery,Conway,Medical physicist,Photographer,heather86@example.com,Lake Scottfurt,686-897-8937x2311,30598,JimR0kBX
John,Henderson,Archivist,Production engineer,lgonzalez@example.com,Anthonyberg,963-417-0160,92485,FlAaQkHq
Elizabeth,Allison,Adult nurse,Secretary/administrator,davidbishop@example.org,Brendatown,001-465-589-8621x792,29429,aPwxHNCQ
Cheryl,Weaver,TEFL teacher,Biomedical engineer,stephanieparks@example.org,East Tony,(489)907-5433,5534,XguoTeam
Nicholas,Harmon,"Lecturer, further education","Engineer, civil (contracting)",lortiz@example.org,Johnsonshire,889.217.9468x7894,40555,5SBiCeZB
Jose,Randolph,"Editor, commissioning","Chemist, analytical",walkerdavid@example.com,Port Mason,844-911-4580x88503,99347,cN5D11pF
Craig,Mccarthy,Chief Technology Officer,Printmaker,collinsrichard@example.com,Benjaminland,+1-947-535-2737x6298,49560,eg1P0mDm
Corey,Herrera,"Psychologist, counselling",Farm manager,sarah46@example.net,Taylorport,350-643-3617x96434,71384,YmYDp7kX
Jesse,Arias,Retail merchandiser,Tree surgeon,richtracy@example.net,Powersview,+1-541-213-1863x2673,80691,XBu1a4J2
Karina,Hodges,Copy,Publishing rights manager,rromero@example.org,New William,(892)553-4153x1990,54773,oW4IoFGJ
Allison,Martin,Audiological scientist,Interior and spatial designer,josephmeyers@example.com,Courtneyton,+1-480-651-3002x39783,68725,fhidbTfg
Debra,Velez,Ergonomist,Energy engineer,yorozco@example.net,South Nicole,(968)948-2437,28555,8bhkcswG
Patrick,Barton,"Editor, magazine features",Occupational therapist,susansullivan@example.org,Port Marthamouth,+1-444-908-7174x71254,19850,G6GYBoMY
David,Hatfield,Naval architect,Tour manager,kelli01@example.net,Donovantown,645.218.1483x932,30359,ElImkfM0
David,Donaldson,Corporate treasurer,"Administrator, education",qjohnson@example.org,Mclaughlinfurt,474.765.0533,28492,uupu3R4c
Shawn,Drake,Biomedical scientist,Writer,jennifercole@example.com,North Ronald,5342737854,14963,c9i3uH9m
Andrew,Larson,Training and development officer,Hospital doctor,fsullivan@example.com,East Laura,(973)398-9879x30716,77025,DX6lmhNV
Michelle,Jensen,Senior tax professional/tax inspector,"Designer, furniture",ilove@example.net,Hillside,+1-760-956-3437,37041,LZqFHsAl
Todd,Espinoza,Air broker,"Therapist, horticultural",ojohnson@example.org,Jayfurt,(410)811-8224x9929,3687,O0rEHJUA
Leroy,Rodriguez,Accommodation manager,"Engineer, land",ocox@example.com,New Carlaland,(538)352-5677,53227,sOut9bzg
Alyssa,Boyle,Claims inspector/assessor,"Geologist, engineering",smithjason@example.net,Garrettberg,+1-490-289-9614x3580,13775,3aPgcYSr
Christopher,Donovan,"Nurse, adult",Dietitian,grayluis@example.com,Amandamouth,661-594-5094,97172,SvDCXCBq
Paul,Edwards,"Research officer, political party",Retail buyer,david32@example.org,Christinaberg,239.625.1149x952,76168,25DjbnIH
Cole,Rowe,Health and safety adviser,Bookseller,dennismatthew@example.org,South Katherineport,001-579-987-3428x22376,49296,fORc9Shu
Laura,Colon,Operational researcher,Medical sales representative,erica00@example.net,Waltonview,+1-414-926-0751x79500,91425,bzxpL93T
John,Ramirez,"Producer, television/film/video",Company secretary,stephanie32@example.com,Blackville,357-548-4663,18051,SI2TMYxN
Michael,Lawrence,Geographical information systems officer,"Scientist, physiological",velazquezhannah@example.com,Port Kellimouth,001-975-823-4261,3070,ImA4YomH
Kevin,Webb,Software engineer,Network engineer,torressandra@example.org,Davidberg,(319)373-7261x14486,39172,nSFXdkef
Andre,Rodriguez,Environmental health practitioner,Best boy,xcruz@example.com,Donaldsonside,809-852-5732x367,68895,Z3N4Ezgx
Heather,Roberts,Contractor,Financial trader,william55@example.net,New Timothyland,934-211-9753x0221,95039,nYEfUwcm
Sean,Ward,"Scientist, research (physical sciences)","Administrator, local government",mkramer@example.net,New Maurice,674-846-9255x7762,78537,nADW0qG7
Brandon,Perry,Learning mentor,Horticultural consultant,ewilliams@example.com,Schultzton,311-233-8997,79549,JtjeqPcy
Brian,Nelson,"Editor, magazine features",Clinical molecular geneticist,osharp@example.net,New Lydiaport,(987)423-4100x59050,86336,1w8pSHfp
David,Beck,Rural practice surveyor,Careers adviser,rjohnson@example.com,North Christopherberg,(588)260-3804,6454,ASLJyRHo
Joseph,Harris,Patent examiner,"Conservator, furniture",taylormichael@example.com,East Sandy,561-901-1730x037,10669,XWdg4IU0
Thomas,Johnson,Armed forces training and education officer,Occupational therapist,xhudson@example.org,New Seanview,443.553.2066x4800,56891,R1zZBeSP
Alexander,Brown,Chiropodist,"Psychologist, occupational",carrie97@example.com,Danielshire,417.870.6963,78335,fLbzULd5
